OrderID,OrderDate,CustomerName,Category,SubCategory,Quantity,UnitPrice,TotalSales,Discount,Profit,Region
1001,2023-01-01,Customer_52,Clothing,Shirts,2,39.67,79.34,0.24,14.99,East
1002,2023-01-02,Customer_93,Furniture,Sofas,9,314.85,2833.65,0.08,534.29,South
1003,2023-01-03,Customer_15,Electronics,Laptops,2,707.63,1415.26,0.25,260.46,East
1004,2023-01-04,Customer_72,Clothing,Shirts,5,209.83,1049.15,0.15,214.17,South
1005,2023-01-05,Customer_61,Electronics,Mobiles,9,676.7,6090.3,,1007.42,North
1006,2023-01-06,Customer_21,Electronics,Laptops,9,970.21,8731.89,0.02,1793.28,North
1007,2023-01-07,Customer_83,Clothing,Jeans,8,102.96,823.68,0.1,168.17,East
1008,2023-01-08,Customer_87,Electronics,Laptops,1,675.88,675.88,0.24,152.88,West
1009,2023-01-09,Customer_75,Furniture,Sofas,1,449.31,449.31,0.21,104.85,South
1010,2023-01-10,Customer_75,Electronics,Headphones,9,869.46,7825.14,0.24,1518.42,South
1011,2023-01-11,Customer_88,Clothing,Shirts,8,185.38,1483.04,,267.29,North
1012,2023-01-12,Customer_100,Clothing,Jeans,9,695.7,6261.3,0.13,,North
1013,2023-01-13,Customer_24,Clothing,Shirts,7,839.73,5878.11,0.04,996.12,West
1014,2023-01-14,Customer_3,Electronics,Mobiles,3,945.17,2835.51,0.1,441.67,West
1015,2023-01-15,Customer_22,Clothing,Shirts,3,686.42,2059.26,0.13,379.41,West
1016,2023-01-16,Customer_53,Clothing,Shirts,2,502.2,1004.4,0.03,177.8,East
1017,2023-01-17,Customer_2,Electronics,Laptops,5,621.67,3108.35,0.07,766.65,North
1018,2023-01-18,Customer_88,Furniture,Chairs,3,870.22,2610.66,0.18,537.2,East
1019,2023-01-19,Customer_30,Electronics,Laptops,6,574.9,3449.4,0.22,637.2,North
1020,2023-01-20,Customer_38,Clothing,Jeans,2,40.08,80.16,0.3,16.68,North
1021,2023-01-21,Customer_2,Clothing,Shoes,3,931.64,2794.92,0.28,458.14,South
1022,2023-01-22,Customer_64,Electronics,Laptops,5,692.63,3463.15,0.19,673.25,North
1023,2023-01-23,Customer_60,Furniture,Sofas,1,679.75,679.75,0.13,144.53,North
1024,2023-01-24,Customer_21,Clothing,Jeans,1,223.52,223.52,0.19,44.46,East
1025,2023-01-25,Customer_33,Clothing,Jeans,9,662.3,5960.7,0.24,1133.59,North
1026,2023-01-26,Customer_76,Clothing,Jeans,7,399.93,2799.51,,698.16,East
1027,2023-01-27,Customer_58,Electronics,Headphones,1,654.72,654.72,0.12,155.84,West
1028,2023-01-28,Customer_22,Clothing,Shoes,8,115.53,924.24,0.25,196.25,North
1029,2023-01-29,Customer_89,Furniture,Chairs,3,661.27,1983.81,0.12,410.53,North
1030,2023-01-30,Customer_49,Clothing,Shoes,8,999.42,7995.36,0.17,1695.54,East
1031,2023-01-31,Customer_91,Clothing,Shoes,5,57.73,288.65,0.18,49.11,West
1032,2023-02-01,Customer_59,Furniture,Sofas,1,977.4,977.4,0.06,,South
1033,2023-02-02,,Clothing,Shoes,7,412.84,2889.88,0.11,444.89,West
1034,2023-02-03,Customer_92,Electronics,Mobiles,5,872.05,4360.25,0.1,861.39,East
1035,2023-02-04,Customer_60,Electronics,Headphones,6,784.56,4707.36,0.01,961.73,West
1036,2023-02-05,Customer_80,Electronics,Laptops,6,571.35,3428.1,0.01,592.29,East
1037,2023-02-06,Customer_15,Furniture,Tables,8,741.06,5928.48,0.25,1460.79,East
1038,2023-02-07,Customer_62,Clothing,Shoes,9,879.73,7917.57,0.08,1907.7,South
1039,2023-02-08,,Electronics,Headphones,2,410.1,820.2,0.16,182.26,North
1040,2023-02-09,Customer_47,Furniture,Tables,9,333.76,3003.84,0.09,610.8,East
1041,2023-02-10,Customer_62,Clothing,Jeans,9,670.92,6038.28,0.28,1431.05,East
1042,2023-02-11,Customer_51,Furniture,Chairs,7,809.77,5668.39,0.08,924.32,South
1043,2023-02-12,Customer_55,Electronics,Laptops,1,764.66,764.66,0.13,175.15,East
1044,2023-02-13,Customer_64,Electronics,Laptops,7,799.84,5598.88,0.26,909.72,North
1045,2023-02-14,Customer_3,Electronics,Headphones,5,441.23,2206.15,0.25,506.14,South
1046,2023-02-15,Customer_51,Furniture,Tables,6,819.66,4917.96,0.06,873.32,North
1047,2023-02-16,Customer_7,Furniture,Chairs,7,129.01,903.07,0.24,214.67,North
1048,2023-02-17,Customer_21,Electronics,Laptops,5,549.04,2745.2,0.14,670.94,South
1049,2023-02-18,Customer_73,Furniture,Sofas,7,15.7,109.9,0.14,18.12,East
1050,2023-02-19,Customer_39,Electronics,Headphones,9,331.34,2982.06,0.04,,North
1051,2023-02-20,Customer_18,Electronics,Laptops,3,372.8,1118.4,0.02,277.47,North
1052,2023-02-21,Customer_4,Clothing,Shoes,8,402.21,3217.68,0.22,638.2,North
1053,2023-02-22,Customer_89,Furniture,Chairs,2,698.51,1397.02,0.15,330.19,North
1054,2023-02-23,Customer_60,Electronics,Mobiles,7,394.67,2762.69,0.13,577.05,South
1055,2023-02-24,Customer_14,Electronics,Laptops,2,454.21,908.42,0.22,170.36,South
1056,2023-02-25,Customer_9,Furniture,Tables,4,245.17,980.68,0.23,175.13,West
1057,2023-02-26,Customer_90,Clothing,Jeans,7,379.52,2656.64,0.05,452.49,West
1058,2023-02-27,Customer_53,Clothing,Shoes,3,235.0,705.0,0.18,159.46,North
1059,2023-02-28,Customer_2,Electronics,Mobiles,2,82.46,164.92,0.04,31.11,East
1060,2023-03-01,Customer_84,Furniture,Chairs,7,607.41,4251.87,,855.17,North
1061,2023-03-02,Customer_92,Clothing,Shoes,1,671.53,671.53,0.2,133.79,East
1062,2023-03-03,Customer_60,Furniture,Chairs,8,623.3,4986.4,0.29,1035.81,North
1063,2023-03-04,Customer_71,Furniture,Tables,3,468.86,1406.58,0.02,332.74,West
1064,2023-03-05,Customer_44,Electronics,Laptops,2,385.99,771.98,0.02,191.51,West
1065,2023-03-06,Customer_8,Clothing,Jeans,3,864.7,2594.1,0.08,494.85,East
1066,2023-03-07,Customer_47,Electronics,Mobiles,5,523.89,2619.45,0.08,609.68,North
1067,2023-03-08,Customer_35,Clothing,Jeans,8,484.39,3875.12,0.07,877.53,East
1068,2023-03-09,Customer_78,Clothing,Shoes,7,35.39,247.73,0.27,51.37,West
1069,2023-03-10,Customer_81,Clothing,Shoes,7,347.84,2434.88,0.07,598.02,North
1070,2023-03-11,Customer_36,Clothing,Shirts,7,386.39,2704.73,0.08,459.93,North
1071,2023-03-12,Customer_50,Clothing,Shoes,8,404.83,3238.64,0.23,521.18,East
1072,2023-03-13,Customer_4,Furniture,Sofas,1,584.37,584.37,0.13,137.56,South
1073,2023-03-14,Customer_2,Electronics,Mobiles,4,538.27,2153.08,0.23,417.51,East
1074,2023-03-15,Customer_6,Furniture,Tables,6,611.83,3670.98,0.02,861.57,West
1075,2023-03-16,Customer_54,Clothing,Jeans,9,767.23,6905.07,0.15,1652.45,West
1076,2023-03-17,Customer_4,Electronics,Laptops,2,814.86,1629.72,0.01,254.64,West
1077,2023-03-18,Customer_54,Clothing,Shirts,1,720.94,720.94,0.02,171.83,West
1078,2023-03-19,Customer_93,Electronics,Headphones,2,955.97,1911.94,0.27,372.51,West
1079,2023-03-20,,Furniture,Tables,7,28.05,196.35,0.04,39.47,South
1080,2023-03-21,Customer_18,Electronics,Laptops,3,203.82,611.46,0.16,130.03,North
1081,2023-03-22,Customer_90,Electronics,Mobiles,2,17.49,34.98,0.12,8.49,East
1082,2023-03-23,Customer_44,Electronics,Laptops,7,651.0,4557.0,0.1,692.26,East
1083,2023-03-24,Customer_34,Electronics,Mobiles,2,899.05,1798.1,0.27,355.46,West
1084,2023-03-25,Customer_74,Electronics,Headphones,3,251.05,753.15,0.01,164.77,East
1085,2023-03-26,Customer_62,Clothing,Shirts,7,927.76,6494.32,0.2,1443.5,West
1086,2023-03-27,Customer_100,Electronics,Mobiles,4,69.66,278.64,0.29,61.09,South
1087,2023-03-28,,Electronics,Mobiles,1,935.09,935.09,0.17,152.83,South
1088,2023-03-29,Customer_95,Furniture,Chairs,5,358.11,1790.55,0.28,322.19,North
1089,2023-03-30,Customer_48,Electronics,Headphones,9,110.41,993.69,0.02,184.7,South
1090,2023-03-31,Customer_15,Furniture,Sofas,8,491.01,3928.08,0.13,905.2,South
1091,2023-04-01,Customer_72,Clothing,Jeans,9,264.21,2377.89,0.08,422.97,North
1092,2023-04-02,Customer_78,Electronics,Headphones,9,292.02,2628.18,0.22,449.6,East
1093,2023-04-03,Customer_87,Furniture,Sofas,7,314.22,2199.54,0.29,540.53,West
1094,2023-04-04,Customer_62,Furniture,Tables,4,805.0,3220.0,0.08,485.85,West
1095,2023-04-05,Customer_40,Clothing,Shoes,5,543.77,2718.85,0.2,679.12,East
1096,2023-04-06,Customer_85,Electronics,Mobiles,1,318.19,318.19,0.06,69.26,North
1097,2023-04-07,Customer_80,Electronics,Mobiles,1,614.23,614.23,0.17,143.02,East
1098,2023-04-08,Customer_82,Furniture,Tables,3,718.99,2156.97,,387.09,South
1099,2023-04-09,Customer_53,Electronics,Laptops,8,279.9,2239.2,0.29,339.09,North
1100,2023-04-10,Customer_24,Furniture,Tables,2,419.41,838.82,0.18,187.72,North
1101,2023-04-11,Customer_26,Electronics,Mobiles,4,130.67,522.68,0.1,122.0,North
1102,2023-04-12,Customer_89,Furniture,Sofas,2,189.34,378.68,0.03,84.84,West
1103,2023-04-13,Customer_60,Electronics,Mobiles,5,684.31,3421.55,0.05,562.11,East
1104,2023-04-14,Customer_41,Clothing,Jeans,9,189.62,1706.58,0.07,384.57,North
1105,2023-04-15,Customer_29,Electronics,Headphones,1,529.91,529.91,0.08,120.23,North
1106,2023-04-16,Customer_15,Electronics,Headphones,5,711.96,3559.8,0.26,768.4,North
1107,2023-04-17,Customer_45,Clothing,Shirts,9,115.81,1042.29,0.17,236.19,East
1108,2023-04-18,Customer_65,Electronics,Laptops,1,571.64,571.64,0.16,134.1,West
1109,2023-04-19,Customer_89,Clothing,Shirts,9,264.0,2376.0,0.03,502.19,South
1110,2023-04-20,Customer_71,Electronics,Headphones,8,963.3,7706.4,,1224.24,West
1111,2023-04-21,Customer_9,Furniture,Chairs,4,488.71,1954.84,0.22,388.55,North
1112,2023-04-22,Customer_88,Furniture,Chairs,5,807.93,4039.65,0.02,637.32,West
1113,2023-04-23,Customer_1,Electronics,Laptops,5,554.72,2773.6,0.21,529.08,West
1114,2023-04-24,Customer_8,Electronics,Laptops,6,52.98,317.88,0.16,60.62,South
1115,2023-04-25,Customer_88,Electronics,Headphones,7,636.82,4457.74,0.02,698.09,East
1116,2023-04-26,Customer_63,Furniture,Chairs,8,951.89,7615.12,0.14,1407.9,East
1117,2023-04-27,Customer_11,Electronics,Mobiles,8,605.6,4844.8,0.15,780.5,West
1118,2023-04-28,Customer_81,Furniture,Chairs,2,821.0,1642.0,0.05,379.01,West
1119,2023-04-29,Customer_8,Clothing,Shoes,9,885.36,7968.24,0.28,1950.38,East
1120,2023-04-30,Customer_35,Furniture,Sofas,7,235.8,1650.6,0.25,259.53,East
1121,2023-05-01,Customer_35,Furniture,Tables,4,219.92,879.68,0.2,215.97,South
1122,2023-05-02,Customer_33,Clothing,Jeans,4,614.87,2459.48,0.14,497.45,North
1123,2023-05-03,Customer_5,Furniture,Tables,8,416.92,3335.36,0.12,600.22,West
1124,2023-05-04,Customer_41,Electronics,Mobiles,4,841.46,3365.84,0.2,530.75,East
1125,2023-05-05,Customer_28,Electronics,Mobiles,6,901.02,5406.12,0.16,1081.56,West
1126,2023-05-06,Customer_7,Furniture,Tables,5,359.89,1799.45,0.02,412.89,West
1127,2023-05-07,Customer_73,Electronics,Mobiles,3,244.5,733.5,0.15,161.89,East
1128,2023-05-08,Customer_72,Furniture,Tables,2,782.72,1565.44,0.24,242.68,South
1129,2023-05-09,,Electronics,Headphones,9,282.06,2538.54,0.14,399.29,West
1130,2023-05-10,Customer_34,Electronics,Laptops,9,824.39,7419.51,0.02,1411.84,South
1131,2023-05-11,Customer_33,Furniture,Sofas,1,429.5,429.5,0.24,77.11,East
1132,2023-05-12,Customer_48,Electronics,Mobiles,3,670.87,2012.61,0.06,348.66,North
1133,2023-05-13,,Furniture,Tables,8,104.58,836.64,0.08,,North
1134,2023-05-14,Customer_62,Electronics,Mobiles,6,627.62,3765.72,0.05,867.43,West
1135,2023-05-15,Customer_88,Electronics,Headphones,5,457.25,2286.25,0.1,555.38,East
1136,2023-05-16,Customer_37,Clothing,Shoes,5,590.74,2953.7,0.23,562.71,South
1137,2023-05-17,Customer_99,Clothing,Shoes,6,176.33,1057.98,0.16,254.56,West
1138,2023-05-18,Customer_44,Furniture,Chairs,7,739.51,5176.57,0.06,942.91,East
1139,2023-05-19,Customer_86,Clothing,Shirts,1,864.17,864.17,0.26,170.8,East
1140,2023-05-20,Customer_91,Furniture,Chairs,9,224.57,2021.13,0.26,348.85,South
1141,2023-05-21,Customer_35,Clothing,Shirts,3,104.76,314.28,0.26,67.27,West
1142,2023-05-22,Customer_65,Electronics,Headphones,4,33.4,133.6,0.07,,East
1143,2023-05-23,Customer_99,Furniture,Sofas,1,645.55,645.55,0.14,135.79,East
1144,2023-05-24,Customer_47,Furniture,Tables,3,611.02,1833.06,0.3,340.55,East
1145,2023-05-25,Customer_78,Electronics,Laptops,2,551.23,1102.46,0.23,236.79,South
1146,2023-05-26,Customer_3,Furniture,Chairs,2,239.63,479.26,0.01,77.78,West
1147,2023-05-27,Customer_1,Furniture,Sofas,1,397.0,397.0,0.02,94.83,West
1148,2023-05-28,Customer_5,Clothing,Shoes,8,598.53,4788.24,0.14,959.12,West
1149,2023-05-29,Customer_90,Furniture,Sofas,3,501.8,1505.4,0.27,293.46,West
1150,2023-05-30,Customer_14,Electronics,Laptops,3,987.91,2963.73,0.16,618.19,North
1151,2023-05-31,Customer_27,Clothing,Jeans,6,145.08,870.48,0.15,184.96,North
1152,2023-06-01,Customer_9,Clothing,Shoes,8,698.19,5585.52,0.03,877.92,West
1153,2023-06-02,Customer_79,Electronics,Headphones,9,410.28,3692.52,0.2,805.94,South
1154,2023-06-03,Customer_15,Electronics,Headphones,9,433.92,3905.28,0.25,680.27,North
1155,2023-06-04,Customer_90,Clothing,Jeans,4,720.42,2881.68,0.11,637.99,East
1156,2023-06-05,Customer_42,Furniture,Sofas,5,695.51,3477.55,0.23,807.67,North
1157,2023-06-06,Customer_77,Clothing,Shoes,2,991.34,1982.68,,,East
1158,2023-06-07,Customer_51,Electronics,Mobiles,9,137.11,1233.99,0.06,253.28,West
1159,2023-06-08,Customer_63,Clothing,Shirts,8,113.07,904.56,0.16,182.74,North
1160,2023-06-09,Customer_96,Electronics,Laptops,3,727.1,2181.3,0.09,358.36,South
1161,2023-06-10,Customer_52,Clothing,Shoes,9,582.6,5243.4,0.24,1193.06,North
1162,2023-06-11,Customer_96,Furniture,Sofas,3,281.42,844.26,0.17,149.55,North
1163,2023-06-12,Customer_4,Clothing,Shirts,9,88.63,797.67,0.19,159.27,North
1164,2023-06-13,Customer_94,Clothing,Jeans,2,94.8,189.6,0.24,33.83,West
1165,2023-06-14,Customer_23,Electronics,Mobiles,9,895.25,8057.25,0.12,1316.42,South
1166,2023-06-15,Customer_15,Electronics,Mobiles,8,199.95,1599.6,0.27,340.64,North
1167,2023-06-16,Customer_43,Electronics,Mobiles,9,330.14,2971.26,0.16,461.83,South
1168,2023-06-17,Customer_29,Clothing,Shirts,5,234.39,1171.95,0.05,263.53,West
1169,2023-06-18,Customer_36,Furniture,Sofas,2,361.45,722.9,0.21,131.39,East
1170,2023-06-19,Customer_13,Electronics,Headphones,8,78.73,629.84,0.24,94.48,North
1171,2023-06-20,Customer_32,Electronics,Mobiles,6,523.87,3143.22,0.1,632.14,South
1172,2023-06-21,Customer_71,Clothing,Jeans,8,76.94,615.52,0.26,95.21,South
1173,2023-06-22,Customer_59,Electronics,Laptops,5,802.35,4011.75,0.27,712.55,West
1174,2023-06-23,Customer_86,Furniture,Tables,2,241.37,482.74,0.08,106.54,North
1175,2023-06-24,Customer_28,Furniture,Tables,6,544.61,3267.66,0.3,510.63,East
1176,2023-06-25,Customer_66,Electronics,Mobiles,5,881.28,4406.4,0.04,1030.81,South
1177,2023-06-26,Customer_42,Electronics,Headphones,5,654.37,3271.85,0.06,492.03,North
1178,2023-06-27,Customer_45,Clothing,Jeans,1,537.63,537.63,0.06,93.91,East
1179,2023-06-28,Customer_62,Furniture,Chairs,2,331.09,662.18,0.27,148.39,South
1180,2023-06-29,Customer_57,Furniture,Tables,8,339.67,2717.36,0.2,493.55,South
1181,2023-06-30,Customer_6,Electronics,Laptops,3,672.79,2018.37,0.05,323.32,East
1182,2023-07-01,Customer_28,Clothing,Shirts,3,994.2,2982.6,0.13,554.83,East
1183,2023-07-02,Customer_28,Furniture,Sofas,8,665.22,5321.76,0.18,942.16,West
1184,2023-07-03,Customer_44,Furniture,Sofas,8,562.21,4497.68,0.03,1053.68,North
1185,2023-07-04,Customer_84,Clothing,Shirts,2,733.34,1466.68,0.26,265.96,North
1186,2023-07-05,Customer_30,Clothing,Shoes,8,470.55,3764.4,0.24,861.65,West
1187,2023-07-06,Customer_62,Furniture,Chairs,1,69.54,69.54,0.15,16.63,South
1188,2023-07-07,Customer_75,Furniture,Chairs,6,566.67,3400.02,0.29,657.5,East
1189,2023-07-08,Customer_92,Clothing,Shirts,8,958.05,7664.4,0.13,1847.08,East
1190,2023-07-09,Customer_89,Furniture,Sofas,3,183.55,550.65,,103.37,East
1191,2023-07-10,Customer_62,Electronics,Mobiles,8,693.1,5544.8,0.2,1366.28,South
1192,2023-07-11,Customer_97,Electronics,Laptops,1,208.92,208.92,0.19,33.2,East
1193,2023-07-12,Customer_1,Clothing,Shoes,9,540.47,4864.23,0.05,1063.82,East
1194,2023-07-13,Customer_27,Clothing,Shoes,9,105.71,951.39,0.26,189.69,West
1195,2023-07-14,Customer_62,Clothing,Shoes,5,455.87,2279.35,0.13,430.26,South
1196,2023-07-15,Customer_77,Electronics,Headphones,4,758.6,3034.4,0.05,647.15,North
1197,2023-07-16,Customer_3,Furniture,Tables,6,354.1,2124.6,0.0,468.23,West
1198,2023-07-17,,Electronics,Headphones,7,668.26,4677.82,0.17,703.71,West
1199,2023-07-18,Customer_72,Furniture,Sofas,5,797.5,3987.5,0.16,664.7,North
1200,2023-07-19,,Electronics,Mobiles,9,927.91,8351.19,0.22,1848.16,West
1201,2023-07-20,Customer_9,Furniture,Sofas,3,242.3,726.9,0.27,157.47,South
1202,2023-07-21,Customer_62,Electronics,Laptops,7,405.32,2837.24,0.02,699.68,East
1203,2023-07-22,Customer_37,Clothing,Jeans,5,160.89,804.45,0.22,,South
1204,2023-07-23,,Electronics,Laptops,7,992.56,6947.92,0.06,1702.78,North
1205,2023-07-24,Customer_51,Furniture,Tables,2,927.73,1855.46,0.26,,North
1206,2023-07-25,Customer_44,Electronics,Headphones,4,544.56,2178.24,0.25,391.66,West
1207,2023-07-26,Customer_24,Electronics,Headphones,2,843.61,1687.22,0.16,270.86,South
1208,2023-07-27,Customer_79,Electronics,Laptops,7,525.75,3680.25,0.21,839.77,South
1209,2023-07-28,Customer_59,Clothing,Jeans,2,627.35,1254.7,0.09,,North
1210,2023-07-29,Customer_32,Electronics,Headphones,1,98.23,98.23,0.14,15.21,South
1211,2023-07-30,Customer_96,Clothing,Jeans,9,757.72,6819.48,0.25,1268.46,North
1212,2023-07-31,Customer_88,Clothing,Shirts,1,136.44,136.44,0.14,33.52,South
1213,2023-08-01,Customer_52,Electronics,Laptops,8,827.81,6622.48,0.11,1324.76,South
1214,2023-08-02,Customer_62,Electronics,Laptops,2,784.21,1568.42,0.15,303.13,South
1215,2023-08-03,Customer_58,Electronics,Mobiles,8,711.66,5693.28,0.25,1114.57,North
1216,2023-08-04,Customer_52,Furniture,Chairs,3,45.8,137.4,0.1,23.48,West
1217,2023-08-05,Customer_12,Electronics,Headphones,6,310.1,1860.6,0.05,347.69,South
1218,2023-08-06,Customer_39,Clothing,Shoes,3,270.48,811.44,0.21,151.72,North
1219,2023-08-07,Customer_2,Electronics,Mobiles,7,366.54,2565.78,0.25,398.3,North
1220,2023-08-08,Customer_3,Furniture,Chairs,9,96.77,870.93,0.03,197.49,South
1221,2023-08-09,Customer_56,Electronics,Headphones,2,937.59,1875.18,0.07,359.38,South
1222,2023-08-10,Customer_81,Furniture,Tables,5,558.26,2791.3,0.04,648.19,West
1223,2023-08-11,Customer_59,Furniture,Chairs,6,312.47,1874.82,0.1,440.65,North
1224,2023-08-12,Customer_2,Electronics,Headphones,4,403.01,1612.04,0.14,275.98,North
1225,2023-08-13,,Clothing,Jeans,4,452.73,1810.92,0.22,390.68,East
1226,2023-08-14,Customer_92,Furniture,Chairs,4,604.59,2418.36,,476.97,North
1227,2023-08-15,Customer_54,Electronics,Laptops,2,520.52,1041.04,0.19,,West
1228,2023-08-16,,Electronics,Headphones,4,920.2,3680.8,,631.53,East
1229,2023-08-17,Customer_96,Clothing,Shirts,1,501.99,501.99,0.25,109.32,East
1230,2023-08-18,Customer_97,Furniture,Tables,6,992.24,5953.44,0.14,1254.84,East
1231,2023-08-19,Customer_1,Furniture,Chairs,1,852.91,852.91,0.29,153.12,South
1232,2023-08-20,Customer_19,Electronics,Laptops,6,216.43,1298.58,0.19,212.53,South
1233,2023-08-21,Customer_2,Electronics,Headphones,1,931.29,931.29,0.04,,North
1234,2023-08-22,Customer_53,Clothing,Shoes,6,125.2,751.2,0.2,168.16,East
1235,2023-08-23,,Clothing,Shirts,8,819.28,6554.24,0.1,1190.01,West
1236,2023-08-24,Customer_90,Furniture,Tables,2,386.82,773.64,0.21,165.93,South
1237,2023-08-25,Customer_32,Furniture,Chairs,2,879.19,1758.38,0.02,333.24,West
1238,2023-08-26,Customer_70,Electronics,Mobiles,4,869.38,3477.52,0.05,769.65,West
1239,2023-08-27,,Furniture,Tables,3,807.87,2423.61,0.26,411.82,South
1240,2023-08-28,Customer_68,Clothing,Jeans,4,792.13,3168.52,0.07,757.34,South
1241,2023-08-29,Customer_55,Clothing,Jeans,7,311.63,2181.41,,389.91,South
1242,2023-08-30,Customer_75,Electronics,Headphones,1,90.11,90.11,0.08,16.83,South
1243,2023-08-31,Customer_56,Clothing,Shirts,6,408.95,2453.7,0.19,382.31,East
1244,2023-09-01,Customer_17,Clothing,Shirts,3,181.79,545.37,0.21,87.89,East
1245,2023-09-02,Customer_38,Clothing,Shoes,7,698.0,4886.0,0.15,984.95,East
1246,2023-09-03,Customer_24,Clothing,Jeans,2,352.64,705.28,0.09,124.66,East
1247,2023-09-04,Customer_69,Electronics,Headphones,2,975.85,1951.7,0.06,455.82,North
1248,2023-09-05,Customer_98,Electronics,Headphones,4,644.56,2578.24,0.01,390.52,East
1249,2023-09-06,Customer_70,Furniture,Sofas,1,824.26,824.26,0.09,154.89,South
1250,2023-09-07,Customer_86,Clothing,Shirts,3,141.2,423.6,0.2,77.83,West
1251,2023-09-08,Customer_11,Furniture,Sofas,9,863.39,7770.51,0.28,1180.6,East
1252,2023-09-09,Customer_16,Electronics,Mobiles,7,923.53,6464.71,0.26,1050.11,North
1253,2023-09-10,Customer_97,Electronics,Mobiles,7,492.19,3445.33,0.23,659.31,South
1254,2023-09-11,Customer_73,Electronics,Mobiles,4,610.19,2440.76,0.24,486.41,West
1255,2023-09-12,Customer_59,Electronics,Laptops,2,767.16,1534.32,0.2,292.18,West
1256,2023-09-13,Customer_70,Electronics,Mobiles,4,183.09,732.36,0.08,148.74,East
1257,2023-09-14,Customer_80,Electronics,Mobiles,6,507.54,3045.24,0.27,638.02,West
1258,2023-09-15,Customer_93,Electronics,Laptops,3,404.68,1214.04,0.2,183.31,East
1259,2023-09-16,Customer_3,Clothing,Shirts,1,154.91,154.91,0.17,30.43,East
1260,2023-09-17,Customer_20,Furniture,Sofas,8,373.86,2990.88,0.03,736.8,South
1261,2023-09-18,Customer_59,Electronics,Headphones,5,77.49,387.45,,78.23,South
1262,2023-09-19,Customer_36,Clothing,Shirts,5,35.55,177.75,0.14,38.71,North
1263,2023-09-20,Customer_19,Clothing,Jeans,4,143.81,575.24,0.26,104.23,South
1264,2023-09-21,Customer_90,Furniture,Sofas,6,963.48,5780.88,0.16,1314.57,South
1265,2023-09-22,Customer_67,Electronics,Laptops,3,554.03,1662.09,0.11,377.78,East
1266,2023-09-23,Customer_19,Furniture,Tables,9,966.16,8695.44,,1757.61,South
1267,2023-09-24,Customer_20,Electronics,Headphones,5,438.17,2190.85,0.03,542.46,East
1268,2023-09-25,Customer_96,Clothing,Jeans,3,318.7,956.1,0.13,155.42,East
1269,2023-09-26,Customer_71,Clothing,Shoes,1,511.08,511.08,0.01,77.53,South
1270,2023-09-27,Customer_52,Clothing,Jeans,6,445.12,2670.72,0.22,606.3,North
1271,2023-09-28,Customer_33,Clothing,Shoes,2,114.61,229.22,0.28,52.88,North
1272,2023-09-29,Customer_40,Furniture,Chairs,3,644.42,1933.26,0.08,313.23,West
1273,2023-09-30,Customer_39,Electronics,Headphones,1,223.88,223.88,0.26,39.53,West
1274,2023-10-01,Customer_82,Electronics,Headphones,9,623.39,5610.51,0.09,851.42,South
1275,2023-10-02,Customer_1,Furniture,Sofas,8,653.7,5229.6,,937.83,North
1276,2023-10-03,Customer_11,Electronics,Headphones,2,160.5,321.0,0.23,72.97,East
1277,2023-10-04,Customer_92,Clothing,Jeans,8,70.74,565.92,0.24,114.2,West
1278,2023-10-05,Customer_57,Electronics,Mobiles,9,782.95,7046.55,,1302.27,East
1279,2023-10-06,Customer_89,Clothing,Shoes,1,465.2,465.2,0.29,87.07,West
1280,2023-10-07,Customer_50,Furniture,Tables,5,67.58,337.9,,50.73,South
1281,2023-10-08,Customer_23,Electronics,Mobiles,8,994.92,7959.36,0.09,1432.53,North
1282,2023-10-09,Customer_31,Furniture,Chairs,2,67.2,134.4,0.25,28.85,West
1283,2023-10-10,Customer_94,Electronics,Mobiles,4,698.08,2792.32,,690.87,North
1284,2023-10-11,Customer_42,Clothing,Shirts,7,983.84,6886.88,0.26,1616.39,East
1285,2023-10-12,Customer_99,Furniture,Sofas,3,246.79,740.37,0.03,112.8,South
1286,2023-10-13,,Electronics,Headphones,5,150.83,754.15,0.21,180.89,North
1287,2023-10-14,Customer_16,Clothing,Jeans,8,130.17,1041.36,0.16,237.76,South
1288,2023-10-15,Customer_90,Furniture,Tables,3,310.24,930.72,0.03,212.24,North
1289,2023-10-16,Customer_60,Furniture,Tables,4,110.04,440.16,0.07,86.18,East
1290,2023-10-17,Customer_2,Electronics,Mobiles,9,695.24,6257.16,0.0,1187.61,East
1291,2023-10-18,Customer_1,Electronics,Mobiles,7,71.67,501.69,0.14,90.45,South
1292,2023-10-19,Customer_48,Electronics,Headphones,1,514.33,514.33,0.09,80.53,East
1293,2023-10-20,Customer_12,Clothing,Shirts,4,996.73,3986.92,0.18,689.03,West
1294,2023-10-21,Customer_69,Electronics,Mobiles,4,815.83,3263.32,0.09,569.97,North
1295,2023-10-22,Customer_37,Furniture,Chairs,9,619.07,5571.63,0.09,1105.45,East
1296,2023-10-23,Customer_32,Furniture,Tables,6,313.19,1879.14,0.22,422.33,West
1297,2023-10-24,Customer_9,Electronics,Laptops,9,627.66,5648.94,0.01,1114.99,South
1298,2023-10-25,Customer_99,Electronics,Headphones,6,531.77,3190.62,0.27,497.05,West
1299,2023-10-26,Customer_19,Furniture,Chairs,6,431.82,2590.92,0.26,636.79,South
1300,2023-10-27,Customer_48,Clothing,Shirts,5,139.4,697.0,0.2,170.26,South
1301,2023-10-28,Customer_80,Electronics,Headphones,5,887.74,4438.7,0.18,1014.33,North
1302,2023-10-29,Customer_3,Electronics,Mobiles,2,455.29,910.58,0.27,,North
1303,2023-10-30,Customer_20,Furniture,Chairs,8,202.68,1621.44,0.06,331.5,West
1304,2023-10-31,,Electronics,Laptops,8,374.08,2992.64,0.02,737.02,North
1305,2023-11-01,Customer_54,Clothing,Shoes,1,419.99,419.99,0.07,66.17,North
1306,2023-11-02,Customer_33,Furniture,Sofas,8,829.26,6634.08,0.24,1237.71,North
1307,2023-11-03,Customer_24,Electronics,Headphones,5,736.28,3681.4,0.01,635.18,West
1308,2023-11-04,Customer_75,Furniture,Sofas,2,771.61,1543.22,0.17,261.7,East
1309,2023-11-05,Customer_72,Electronics,Laptops,2,20.92,41.84,0.3,6.87,North
1310,2023-11-06,Customer_36,Electronics,Laptops,6,421.99,2531.94,0.26,537.38,North
1311,2023-11-07,Customer_38,Electronics,Mobiles,9,486.53,4378.77,0.16,998.94,West
1312,2023-11-08,Customer_84,Clothing,Shirts,1,29.0,29.0,0.02,6.03,East
1313,2023-11-09,Customer_99,Clothing,Shirts,6,267.22,1603.32,0.25,264.06,North
1314,2023-11-10,Customer_89,Furniture,Chairs,9,762.69,6864.21,0.18,1586.4,South
1315,2023-11-11,Customer_99,Electronics,Laptops,8,145.74,1165.92,0.03,249.04,West
1316,2023-11-12,Customer_25,Electronics,Headphones,6,539.96,3239.76,0.03,611.72,North
1317,2023-11-13,Customer_93,Clothing,Jeans,3,223.05,669.15,0.27,145.48,North
1318,2023-11-14,Customer_18,Electronics,Mobiles,8,22.0,176.0,0.2,30.97,South
1319,2023-11-15,,Clothing,Jeans,9,248.79,2239.11,0.25,,South
1320,2023-11-16,Customer_66,Electronics,Headphones,1,976.12,976.12,0.26,235.98,West
1321,2023-11-17,Customer_54,Furniture,Sofas,9,803.52,7231.68,0.17,1294.84,West
1322,2023-11-18,Customer_35,Electronics,Laptops,6,959.98,5759.88,0.16,1134.69,South
1323,2023-11-19,Customer_80,Electronics,Laptops,6,492.98,2957.88,0.13,,West
1324,2023-11-20,Customer_61,Clothing,Jeans,4,118.64,474.56,0.1,104.77,South
1325,2023-11-21,Customer_41,Electronics,Mobiles,1,552.48,552.48,0.13,86.31,North
1326,2023-11-22,Customer_100,Electronics,Laptops,8,459.83,3678.64,,605.98,South
1327,2023-11-23,Customer_33,Clothing,Jeans,2,845.91,1691.82,0.18,255.1,South
1328,2023-11-24,Customer_68,Furniture,Tables,1,107.1,107.1,0.27,22.82,East
1329,2023-11-25,Customer_33,Furniture,Sofas,2,493.36,986.72,0.13,192.18,South
1330,2023-11-26,Customer_14,Clothing,Shoes,1,158.55,158.55,0.18,25.91,South
1331,2023-11-27,Customer_21,Clothing,Shirts,1,331.43,331.43,0.19,81.46,East
1332,2023-11-28,Customer_48,Clothing,Shirts,9,739.98,6659.82,0.18,1351.72,West
1333,2023-11-29,Customer_20,Clothing,Shoes,1,481.26,481.26,0.21,83.83,East
1334,2023-11-30,Customer_8,Clothing,Shoes,4,382.13,1528.52,0.07,305.8,North
1335,2023-12-01,Customer_7,Furniture,Sofas,6,400.53,2403.18,0.15,,East
1336,2023-12-02,Customer_67,Furniture,Tables,7,464.85,3253.95,0.03,512.9,North
1337,2023-12-03,Customer_17,Clothing,Jeans,2,787.17,1574.34,0.12,279.4,West
1338,2023-12-04,Customer_33,Electronics,Headphones,6,893.16,5358.96,0.15,1236.29,East
1339,2023-12-05,Customer_48,Clothing,Jeans,7,955.78,6690.46,0.2,1311.11,East
1340,2023-12-06,Customer_76,Electronics,Laptops,2,789.03,1578.06,0.29,322.96,West
1341,2023-12-07,Customer_59,Clothing,Shirts,2,322.25,644.5,0.18,124.57,North
1342,2023-12-08,Customer_86,Clothing,Shoes,7,691.25,4838.75,0.22,747.05,East
1343,2023-12-09,Customer_22,Furniture,Sofas,1,443.23,443.23,0.15,73.83,North
1344,2023-12-10,Customer_30,Electronics,Laptops,8,262.12,2096.96,0.19,407.97,East
1345,2023-12-11,Customer_38,Electronics,Headphones,3,842.46,2527.38,0.02,431.98,South
1346,2023-12-12,Customer_51,Furniture,Chairs,6,48.04,288.24,0.08,44.68,East
1347,2023-12-13,Customer_54,Furniture,Chairs,9,902.74,8124.66,0.11,1904.14,West
1348,2023-12-14,Customer_8,Furniture,Chairs,6,466.86,2801.16,0.14,695.02,West
1349,2023-12-15,Customer_27,Furniture,Sofas,9,640.83,5767.47,0.01,1322.56,North
1350,2023-12-16,Customer_27,Electronics,Headphones,7,662.76,4639.32,0.04,1092.0,East
1351,2023-12-17,Customer_98,Electronics,Headphones,9,896.17,8065.53,0.08,1405.0,North
1352,2023-12-18,Customer_21,Clothing,Shoes,2,640.3,1280.6,0.29,315.11,North
1353,2023-12-19,Customer_30,Clothing,Shoes,8,617.79,4942.32,0.1,838.67,South
1354,2023-12-20,Customer_97,Furniture,Chairs,8,75.99,607.92,0.14,149.03,South
1355,2023-12-21,Customer_28,Furniture,Tables,2,523.22,1046.44,0.06,261.07,West
1356,2023-12-22,Customer_64,Furniture,Chairs,4,158.67,634.68,0.18,140.37,North
1357,2023-12-23,Customer_97,Clothing,Shoes,7,740.06,5180.42,0.08,1285.34,West
1358,2023-12-24,Customer_69,Clothing,Shirts,4,517.1,2068.4,0.06,428.06,East
1359,2023-12-25,Customer_61,Clothing,Shoes,4,683.43,2733.72,0.15,481.01,North
1360,2023-12-26,Customer_48,Clothing,Shoes,6,51.26,307.56,0.0,59.57,North
1361,2023-12-27,Customer_19,Clothing,Shirts,6,93.94,563.64,0.0,118.0,East
1362,2023-12-28,Customer_4,Clothing,Shoes,3,719.16,2157.48,0.07,,East
1363,2023-12-29,Customer_35,Clothing,Jeans,9,81.36,732.24,0.01,155.41,West
1364,2023-12-30,Customer_64,Furniture,Sofas,2,80.54,161.08,0.03,39.97,West
1365,2023-12-31,Customer_49,Furniture,Tables,6,21.99,131.94,0.1,22.3,East
1366,2024-01-01,Customer_17,Furniture,Tables,7,956.94,6698.58,0.24,1535.71,West
1367,2024-01-02,Customer_44,Furniture,Sofas,9,740.13,6661.17,0.17,,East
1368,2024-01-03,Customer_92,Clothing,Shirts,3,359.72,1079.16,0.15,263.71,North
1369,2024-01-04,Customer_30,Electronics,Laptops,3,303.57,910.71,0.09,224.05,North
1370,2024-01-05,Customer_93,Clothing,Shirts,7,356.21,2493.47,0.28,504.04,South
1371,2024-01-06,Customer_46,Electronics,Laptops,4,776.91,3107.64,,769.86,North
1372,2024-01-07,Customer_6,Furniture,Sofas,8,664.76,5318.08,0.03,1200.46,East
1373,2024-01-08,Customer_99,Clothing,Shoes,7,193.34,1353.38,,224.89,West
1374,2024-01-09,Customer_37,Furniture,Tables,5,182.37,911.85,0.03,180.26,South
1375,2024-01-10,Customer_24,Clothing,Shoes,7,107.41,751.87,0.1,166.79,West
1376,2024-01-11,Customer_93,Furniture,Tables,3,663.7,1991.1,0.15,347.91,East
1377,2024-01-12,Customer_46,Electronics,Headphones,2,766.73,1533.46,0.26,328.25,North
1378,2024-01-13,Customer_53,Electronics,Mobiles,6,272.4,1634.4,0.15,354.11,South
1379,2024-01-14,Customer_95,Electronics,Headphones,2,30.74,61.48,0.21,,East
1380,2024-01-15,Customer_99,Clothing,Shirts,3,91.35,274.05,0.3,56.59,South
1381,2024-01-16,Customer_60,Electronics,Headphones,6,968.18,5809.08,0.04,1319.61,South
1382,2024-01-17,Customer_97,Clothing,Shirts,5,302.49,1512.45,0.08,302.32,North
1383,2024-01-18,Customer_63,Electronics,Headphones,8,771.53,6172.24,0.12,933.31,East
1384,2024-01-19,Customer_85,Electronics,Mobiles,9,628.42,5655.78,0.13,853.48,West
1385,2024-01-20,Customer_32,Clothing,Jeans,3,388.12,1164.36,0.12,216.23,South
1386,2024-01-21,Customer_87,Clothing,Jeans,3,213.63,640.89,0.27,155.49,South
1387,2024-01-22,Customer_33,Electronics,Mobiles,3,130.17,390.51,0.21,67.51,West
1388,2024-01-23,Customer_67,Clothing,Shoes,6,618.86,3713.16,0.18,792.52,East
1389,2024-01-24,Customer_18,Electronics,Mobiles,1,776.89,776.89,0.09,133.79,South
1390,2024-01-25,Customer_25,Clothing,Shoes,7,647.47,4532.29,0.25,825.63,South
1391,2024-01-26,Customer_95,Furniture,Tables,1,535.0,535.0,0.29,125.62,South
1392,2024-01-27,Customer_54,Furniture,Sofas,5,51.53,257.65,0.25,57.43,East
1393,2024-01-28,Customer_58,Furniture,Tables,8,968.8,7750.4,0.0,1236.5,East
1394,2024-01-29,Customer_67,Furniture,Sofas,4,800.73,3202.92,0.19,617.75,West
1395,2024-01-30,Customer_46,Furniture,Sofas,5,299.89,1499.45,0.02,229.29,East
1396,2024-01-31,Customer_24,Electronics,Headphones,4,980.17,3920.68,0.08,776.64,East
1397,2024-02-01,Customer_32,Furniture,Chairs,4,605.86,2423.44,0.02,524.05,North
1398,2024-02-02,Customer_47,Furniture,Chairs,8,586.6,4692.8,0.18,759.53,West
1399,2024-02-03,Customer_86,Furniture,Tables,2,750.59,1501.18,0.21,268.54,South
1400,2024-02-04,Customer_23,Furniture,Tables,1,813.65,813.65,0.03,154.42,East
1401,2024-02-05,Customer_66,Clothing,Shirts,3,659.91,1979.73,0.12,479.0,South
1402,2024-02-06,Customer_27,Electronics,Laptops,9,136.81,1231.29,0.14,306.99,South
1403,2024-02-07,Customer_2,Furniture,Chairs,4,344.88,1379.52,0.11,213.12,North
1404,2024-02-08,Customer_90,Furniture,Sofas,5,928.8,4644.0,0.04,1050.01,East
1405,2024-02-09,Customer_17,Furniture,Tables,2,232.37,464.74,,86.99,West
1406,2024-02-10,Customer_33,Electronics,Laptops,4,378.45,1513.8,0.23,286.48,East
1407,2024-02-11,Customer_9,Clothing,Shirts,2,437.76,875.52,0.02,197.37,South
1408,2024-02-12,Customer_43,Electronics,Laptops,2,445.01,890.02,0.02,215.24,West
1409,2024-02-13,Customer_48,Clothing,Jeans,4,616.81,2467.24,0.11,604.7,East
1410,2024-02-14,Customer_39,Furniture,Sofas,6,943.65,5661.9,0.28,1176.05,South
1411,2024-02-15,Customer_93,Furniture,Tables,7,248.29,1738.03,0.2,322.77,South
1412,2024-02-16,Customer_42,Electronics,Headphones,3,130.29,390.87,,89.41,North
1413,2024-02-17,Customer_26,Electronics,Mobiles,3,205.5,616.5,0.11,107.95,North
1414,2024-02-18,Customer_99,Clothing,Jeans,6,888.06,5328.36,0.18,1099.81,North
1415,2024-02-19,Customer_50,Clothing,Shoes,3,649.35,1948.05,,362.06,South
1416,2024-02-20,Customer_25,Electronics,Mobiles,2,293.05,586.1,0.19,126.4,East
1417,2024-02-21,Customer_24,Clothing,Jeans,8,817.79,6542.32,0.27,1138.62,North
1418,2024-02-22,Customer_13,Electronics,Mobiles,5,862.76,4313.8,0.18,729.72,East
1419,2024-02-23,Customer_60,Clothing,Jeans,1,848.05,848.05,0.26,205.08,North
1420,2024-02-24,Customer_7,Electronics,Mobiles,3,919.74,2759.22,0.22,441.97,West
1421,2024-02-25,Customer_57,Electronics,Mobiles,8,259.72,2077.76,0.04,416.79,West
1422,2024-02-26,Customer_36,Electronics,Headphones,4,757.49,3029.96,0.27,521.41,North
1423,2024-02-27,Customer_45,Clothing,Shirts,7,465.93,3261.51,0.02,501.92,South
1424,2024-02-28,Customer_20,Clothing,Jeans,2,843.58,1687.16,0.16,259.15,North
1425,2024-02-29,Customer_65,Clothing,Jeans,7,731.21,5118.47,0.04,857.46,North
1426,2024-03-01,Customer_8,Electronics,Headphones,5,778.68,3893.4,0.0,921.48,South
1427,2024-03-02,Customer_16,Clothing,Jeans,5,659.6,3298.0,0.13,587.86,West
1428,2024-03-03,Customer_14,Clothing,Jeans,6,185.65,1113.9,0.09,272.96,East
1429,2024-03-04,Customer_76,Electronics,Laptops,9,549.58,4946.22,0.15,1029.62,North
1430,2024-03-05,Customer_87,Furniture,Chairs,6,984.82,5908.92,0.17,1144.33,South
1431,2024-03-06,Customer_15,Electronics,Mobiles,8,938.01,7504.08,0.01,1560.92,North
1432,2024-03-07,Customer_92,Clothing,Jeans,7,52.74,369.18,0.04,74.45,South
1433,2024-03-08,Customer_98,Electronics,Headphones,9,173.17,1558.53,0.17,352.04,East
1434,2024-03-09,Customer_66,Furniture,Chairs,4,140.41,561.64,0.1,100.11,East
1435,2024-03-10,Customer_32,Electronics,Headphones,2,728.72,1457.44,0.22,270.07,West
1436,2024-03-11,Customer_87,Clothing,Jeans,7,819.61,5737.27,0.2,1373.56,South
1437,2024-03-12,Customer_63,Furniture,Tables,6,221.38,1328.28,0.25,324.96,South
1438,2024-03-13,Customer_86,Clothing,Shirts,1,510.79,510.79,0.21,122.21,West
1439,2024-03-14,Customer_51,Furniture,Tables,9,842.3,7580.7,0.13,1455.08,West
1440,2024-03-15,Customer_25,Furniture,Chairs,9,735.47,6619.23,0.2,1509.43,South
1441,2024-03-16,Customer_58,Electronics,Laptops,2,546.81,1093.62,0.08,216.14,West
1442,2024-03-17,,Electronics,Laptops,3,594.44,1783.32,0.09,356.23,East
1443,2024-03-18,Customer_62,Clothing,Shirts,5,513.28,2566.4,0.24,437.49,North
1444,2024-03-19,Customer_22,Electronics,Mobiles,5,304.57,1522.85,0.13,318.45,East
1445,2024-03-20,Customer_58,Electronics,Mobiles,1,569.37,569.37,,96.0,West
1446,2024-03-21,Customer_58,Furniture,Tables,8,692.0,5536.0,0.25,1013.95,South
1447,2024-03-22,Customer_86,Electronics,Laptops,8,874.59,6996.72,0.26,1647.75,South
1448,2024-03-23,Customer_49,Furniture,Sofas,4,639.93,2559.72,0.27,436.96,East
1449,2024-03-24,Customer_52,Furniture,Chairs,7,763.51,5344.57,0.13,839.72,South
1450,2024-03-25,Customer_42,Furniture,Tables,3,168.47,505.41,0.1,79.3,West
1451,2024-03-26,Customer_70,Clothing,Jeans,6,466.94,2801.64,,683.82,East
1452,2024-03-27,Customer_15,Clothing,Shirts,9,19.24,173.16,0.11,34.75,South
1453,2024-03-28,,Clothing,Shoes,1,254.21,254.21,0.18,48.54,North
1454,2024-03-29,Customer_60,Furniture,Chairs,5,729.2,3646.0,0.21,842.55,North
1455,2024-03-30,Customer_97,Clothing,Shoes,4,991.89,3967.56,0.21,926.75,West
1456,2024-03-31,Customer_8,Clothing,Jeans,8,108.19,865.52,0.11,158.58,South
1457,2024-04-01,Customer_53,Electronics,Headphones,1,407.48,407.48,0.05,89.39,West
1458,2024-04-02,Customer_60,Clothing,Jeans,9,802.07,7218.63,0.13,1639.44,East
1459,2024-04-03,Customer_5,Clothing,Shirts,6,212.0,1272.0,0.04,274.07,North
1460,2024-04-04,Customer_68,Furniture,Chairs,4,559.53,2238.12,0.27,369.65,East
1461,2024-04-05,Customer_6,Furniture,Chairs,9,735.74,6621.66,0.1,1573.23,South
1462,2024-04-06,Customer_96,Furniture,Sofas,5,619.83,3099.15,0.05,631.95,West
1463,2024-04-07,Customer_94,Furniture,Tables,5,196.14,980.7,0.01,174.81,West
1464,2024-04-08,Customer_47,Furniture,Chairs,5,361.83,1809.15,0.19,348.3,West
1465,2024-04-09,Customer_99,Furniture,Chairs,1,785.95,785.95,0.19,120.85,East
1466,2024-04-10,Customer_55,Clothing,Jeans,1,558.68,558.68,0.1,90.95,North
1467,2024-04-11,Customer_40,Furniture,Chairs,8,15.18,121.44,,27.51,East
1468,2024-04-12,Customer_52,Furniture,Tables,8,763.38,6107.04,0.12,916.06,East
1469,2024-04-13,Customer_16,Electronics,Laptops,6,44.96,269.76,0.09,51.7,South
1470,2024-04-14,,Clothing,Jeans,4,748.28,2993.12,0.2,605.36,South
1471,2024-04-15,Customer_30,Clothing,Jeans,2,210.46,420.92,,65.44,South
1472,2024-04-16,Customer_19,Clothing,Jeans,2,958.49,1916.98,0.11,474.08,North
1473,2024-04-17,Customer_17,Furniture,Sofas,9,374.26,3368.34,0.07,581.42,North
1474,2024-04-18,Customer_63,Furniture,Chairs,5,333.66,1668.3,0.3,300.99,South
1475,2024-04-19,Customer_19,Furniture,Sofas,4,157.4,629.6,0.14,113.58,South
1476,2024-04-20,Customer_92,Electronics,Mobiles,1,312.55,312.55,0.21,54.08,North
1477,2024-04-21,Customer_58,Furniture,Sofas,7,877.88,6145.16,0.04,922.68,West
1478,2024-04-22,Customer_55,Electronics,Laptops,3,996.37,2989.11,0.15,666.38,North
1479,2024-04-23,,Clothing,Shirts,6,374.63,2247.78,0.01,554.49,North
1480,2024-04-24,Customer_90,Furniture,Chairs,5,454.12,2270.6,0.15,391.52,North
1481,2024-04-25,Customer_62,Electronics,Headphones,5,724.85,3624.25,0.29,783.94,South
1482,2024-04-26,Customer_23,Electronics,Headphones,5,887.33,4436.65,0.12,994.65,West
1483,2024-04-27,Customer_9,Furniture,Chairs,1,597.11,597.11,0.01,140.23,North
1484,2024-04-28,,Clothing,Shoes,1,397.61,397.61,0.01,76.45,South
1485,2024-04-29,Customer_1,Clothing,Shoes,3,418.5,1255.5,0.12,226.36,East
1486,2024-04-30,Customer_58,Clothing,Shoes,4,698.66,2794.64,0.05,510.1,East
1487,2024-05-01,,Electronics,Laptops,5,13.19,65.95,0.01,14.59,North
1488,2024-05-02,Customer_34,Electronics,Laptops,2,623.39,1246.78,0.23,288.85,East
1489,2024-05-03,Customer_96,Electronics,Headphones,8,361.94,2895.52,0.14,486.91,West
1490,2024-05-04,Customer_48,Electronics,Headphones,2,796.26,1592.52,0.09,297.95,East
1491,2024-05-05,Customer_89,Clothing,Jeans,9,102.06,918.54,0.27,220.63,East
1492,2024-05-06,Customer_1,Furniture,Tables,2,592.32,1184.64,0.03,,West
1493,2024-05-07,Customer_16,Electronics,Mobiles,9,486.16,4375.44,0.29,1087.23,North
1494,2024-05-08,Customer_61,Electronics,Mobiles,7,645.9,4521.3,0.09,1019.21,North
1495,2024-05-09,Customer_64,Clothing,Jeans,8,74.21,593.68,0.27,112.4,West
1496,2024-05-10,Customer_63,Furniture,Sofas,2,584.18,1168.36,0.18,244.26,West
1497,2024-05-11,Customer_69,Furniture,Sofas,7,565.87,3961.09,0.25,856.0,West
1498,2024-05-12,Customer_22,Clothing,Shoes,6,565.05,3390.3,0.3,535.14,East
1499,2024-05-13,Customer_93,Clothing,Shoes,4,607.45,2429.8,0.09,496.77,West
1500,2024-05-14,Customer_67,Furniture,Chairs,7,679.7,4757.9,0.29,1051.17,South
